<?xml version="1.0" encoding="UTF-8"?>
<project-private xmlns="http://www.netbeans.org/ns/project-private/1">
    <editor-bookmarks xmlns="http://www.netbeans.org/ns/editor-bookmarks/2" lastBookmarkId="0"/>
    <open-files xmlns="http://www.netbeans.org/ns/projectui-open-files/2">
        <group>
            <file>file:/C:/Users/Rodrigo%20Mozo%20Jr/OneDrive/Documents/NetBeansProjects/H15/src/h15/H15.java</file>
            <file>file:/C:/Users/Rodrigo%20Mozo%20Jr/OneDrive/Documents/NetBeansProjects/H15/src/h15/FeetInches.java</file>
            <file>file:/C:/Users/Rodrigo%20Mozo%20Jr/OneDrive/Documents/NetBeansProjects/H15/src/h15/Fraction.java</file>
            <file>file:/C:/Users/Rodrigo%20Mozo%20Jr/OneDrive/Documents/NetBeansProjects/H15/src/h15/Rectangle.java</file>
            <file>file:/C:/Users/Rodrigo%20Mozo%20Jr/OneDrive/Documents/NetBeansProjects/H15/src/h15/Circle.java</file>
        </group>
    </open-files>
</project-private>
